<PAMDataset>
  <PAMRasterBand band="1">
    <Histograms>
      <HistItem>
        <HistMin>-0.25</HistMin>
        <HistMax>1.25</HistMax>
        <BucketCount>2</BucketCount>
        <IncludeOutOfRange>0</IncludeOutOfRange>
        <Approximate>0</Approximate>
        <HistCounts>8782|56369</HistCounts>
      </HistItem>
    </Histograms>
    <Metadata>
      <MDI key="STATISTICS_MAXIMUM">1</MDI>
      <MDI key="STATISTICS_MEAN">0.56890147503491</MDI>
      <MDI key="STATISTICS_MINIMUM">0</MDI>
      <MDI key="STATISTICS_STDDEV">0.31160969392851</MDI>
      <MDI key="STATISTICS_VALID_PERCENT">59.13</MDI>
    </Metadata>
  </PAMRasterBand>
</PAMDataset>
